sourceId,targetId,weight
1,9,59.001120678828265
1,6,67.001515134124
1,3,12.022703842524301
1,6,67.001515134124
1,8,2.02469507659596
2,4,52.00127449387907
2,4,52.00127449387907
2,7,23.00840748441377
3,5,16.021651041080673
3,9,70.00818791998526
4,7,30.00310328223516
4,6,68.00074626450066
4,9,60.00381343608225
4,9,60.00381343608225
5,7,25.00354140538433
5,7,25.00354140538433
6,7,39.00210520484359
7,8,28.002407300090855
7,9,31.001499962501875
10,4,26.007998720409436
10,6,43.00880860010196
